id,name,description
"94","Kimchi Fried Rice","Bold Korean flavors with kimchi and gochujang, wok-fried for an enjoyable flavor"
"218","Mixed Seafood Aglio Olio Spaghetti","Al dente spaghetti tossed in olive oil, garlic, and chili, with a medley of fresh seafood."
"341","Baked Hainanese Rice Cake Lasagna","Hainanese rice cake with parmesan, white sauce, stewed eggplant & tomato—a warm, comforting twist on tradition."
"91","Thai Red Curry Chicken with Rice","Savor the bold, authentic flavors of our Thai Red Curry Chicken—a tantalizing journey to Thailand in every bite."
"339","Garden of Happiness","Plant-based Hainanese butter chicken rice, served with rice, broccoli & cauliflower."
"372","Tangy Mid Wings (5pcs)","Juicy chicken mid wings tossed in a tangy glaze — bold, zesty, and impossible to stop at one!"
"97","Seafood Arrabiata Pasta","Spicy seafood tangle in a zesty tomato sauce with Al Dente Linguine."
"93","Chee Cheong Fun(Rice Noodle Roll)","Silky rice noodle rolls, a dim sum classic—served with savoury soy sauce and a touch of sesame oil."
"300","Phad Thai"," Stir-fried Thai rice noodles with prawns, eggs, beansprouts and peanuts in a sweet-savoury tamarind sauce."
"247","Beef Tikka Masala With Briyani Rice","Tender beef in creamy tomato masala, served with aromatic briyani rice."
"274","Plant Based Lasagna","Rich and satisfying lasagna made with wholesome plant-based ingredients."
"335","Original Mac & Cheese","Comforting, creamy macaroni in rich nacho cheese sauce with a Korean twist, simple yet satisfying for the ultimate indulgence."
"239","Chicken Alfredo Fettuccine","Tender chicken over fettuccine coated in creamy white sauce—rich, comforting, and saucy perfection."
"329","Sizzling Wok Chicken Fried Rice","Fluffy rice stir-fried with golden egg, tender baked chicken, and aromatic seasoning for a satisfying Taiwanese-style fried rice."
"131","F1:Pulled Beef Ragu Pasta","Contains egg, milk, soy, wheat, sulphites\n\nBeef, Peeled Tomatoes in Tomato Juice, Fettuccine (Durum Wheat Semolina, Eggs), Yellow Onion, Carrot, Demi Glace Brown Sauce Mix (Wheat Flour, Maltodextrin, Sugar, Salt, Cornstarch (contains Sulphite), E621, E635, Palm Fat, Caramel (contains Sulphite), Beef Fat, Onion, Permitted Flavourings (contains Dairy), Edible Gum, Red Beet, Spices, E330), Grated Parmesan Cheese (Milk, Salt, Enzymes, Starter Culture), Sugar, Salt, Black Pepper, Dark Soy Sauce (Sugar, Plain Caramel, Soy Sauce (Water, Soybeans, Salt, Wheat Flour), Water, Salt, Lactic Acid, Monosodium Glutamate), Tomato Paste (Tomatoes, Salt), Garlic, Dried Parsley, Bay Leaves, Dried Thyme"
"291","Chicken Murtabak with Fish Curry","Crispy prata loaded with minced chicken, onions, and egg — perfectly paired with Springleaf’s signature fish curry."
"269","White Carrot Cake","White radish cake wok-fried with egg till crispy and fragrant. A local classic, finished with spring onions."
"268","Fishball Noodle","Hawker favourite—bouncy fishballs and chewy noodles, a true local classic."
"307","Mee Rebus","Soft yellow noodles drenched in thick, savory gravy, finished with egg, fresh green chillis & scallions. "
"100","Butter Chicken Pasta"," Juicy chicken in a creamy, spiced sauce, a unique blend that stands out (Cheese condiments will no longer be provided)\n"
"331","K-Hawaiian Pizza","A Korean twist on a classic, featuring juicy pineapple, turkey bacon, capsicum, white sauce, and melty cheese for a tropical delight."
"92","Yam Cake","Old-school yam cake packed with flavour—loaded with dried shrimp and mushrooms, then topped with crispy shallots."
"332","Korean Hot & Spicy Chicken Pizza (HOT!)","Fiery and bold, this Korean pizza features spicy chicken, sweet corn, and capsicum on a chipotle base, topped with melty cheese."
"73","Chicken Bibimbap","A vibrant mix of rice, veggies, and meat, with a crispy base and our special sauce."
"96","Pulled Beef Ragu Pasta","Aromatics simmered to perfection, a flavorful ragu atop a crispy rice base"
"543","Korean Army Stew","Hearty Korean-style noodles with rich savoury flavours, inspired by the classic army stew and packed with comforting goodness."
"78","Nasi Lemak with Otah","Fragrant coconut rice served with spicy grilled otah, sambal chilli, crispy ikan bilis, peanuts and egg for a rich, satisfying local favourite."
"545","Hunan Fiery Stir-Fry Beef","A fiery blend of succulent beef and crisp green peppers, infused with traditional fermented beans and ginger. Intensely flavorful and spicy."
"248","Chicken Masala With Briyani Rice","Rich, spiced chicken masala paired with aromatic biryani rice for a satisfying Indian-inspired dish."
"150","Teriyaki Chicken (no rice)","Juicy chicken glazed in our sweet and savory teriyaki sauce, creating a tantalizing flavor experience"
"71","SEAFOOD FRIED RICE","Fresh seafood combined with fragrant, expertly cooked rice for an irresistible taste."
"110","Mixed Green Salad with Black Vinegar Dressing","Fresh mixed greens paired with a savory seaweed dressing for a unique, delicious twist."
"174","Kimchi chicken with Rice","Kimchi chicken with Rice"
"267","Orange Chicken with Rice","CNY Festive Intro Product"
"236","Fried Char kway Teow with Chicken and Prawns","Wok hei-rich flat rice noodles stir-fried in a savoury dark soy sauce with prawns, chicken, egg, and crunchy bean sprouts."
"576","Chicken Rendang Biryani Rice","Chicken Rendang Biryani Rice"
"103","Chicken Lasagna","Rich and tangy lasagna, layered with Al Dente sheets, tender meat, and fresh aromatics, topped with a springy mozzarella for an unforgettable savory experience."
"245","Aloo Goobi with Nasi Biryani (Vegetarian)","A hearty vegetarian dish featuring spiced vegetables, paired with biryani rice."
"292","Chicken Briyani","Fragrant basmati rice cooked with spices and tender masala chicken."
"102","Beef Lasagna","Hearty beef lasagna with seasoned beef, tomato sauce, and melted mozzarella for a rich, tangy bite. Please note that extra grated cheese is no longer provided.Baking paper underneath the food that may show burnt marks due to the baking process. This is normal and safe."
"272","Beef Gyudon","Juicy beef and onions cooked in a sweet soy sauce, piled onto warm rice—comfort food, Japanese-style."
"109","Mixed Green Salad with Miso Dressing","Fresh mixed greens paired with a savory seaweed dressing for a unique, delicious twist."
"238","Tom Yum Prawn Aglio Olio Spaghetti","Thai Fusion Pasta"
"235","Fried Hokkien Prawn Noodles","Wok-fried yellow noodles and beehoon in savoury prawn broth, served with prawns, fish cake slices—and don’t forget that lime squeeze!"
"89","Beef Rendang","Experience the rich, bold flavors of Malaysia with our classic Beef Rendang."
"477","Chicken Oyakodon","Tender chicken and egg simmered in savoury sauce over rice for a warm, comforting Japanese-style rice bowl."
"346","Bangers and Mash","A traditional British comfort dish of creamy mashed potatoes topped with rich gravy and juicy chicken sausages."
"87","Butter Chicken","An iconic dish of Indian cuisine with rich and creamy flavors."
"308","Roasted Chicken With Soto Basmati Rice"," Juicy roasted chicken served with fragrant, spiced soto-infused basmati rice."
"343","Signature Grilled Chicken Chop With Lemongrass","Juicy grilled chicken with fragrant lemongrass, served with belachan chilli and fluffy rice."
"82","Sambal Fried Rice with Ikan Bilis and Chicken","Fragrant, spicy, with the authentic 'wok hei' taste.\n\n"
"234","Fried Carrot Cake (Black)","Classic hawker-style carrot cake, wok-fried with dark soy sauce, eggs, and aromatic spices."
"201","Chicken and Seafood Hokkien Mee","Yellow Hokkien noodles with juicy chicken, fresh seafood, and savory gravy"
"237","Chicken Fried Udon","Delicious stir-fried udon noodles with tender chicken and fresh veggies, tossed in savory sauce."
"108","Mixed Green Salad with Oriental Dressing","Fresh mixed greens paired with a savory seaweed dressing for a unique, delicious twist."
"302","Krapow Fried Rice with Minced Chicken"," Spicy Thai fried rice with minced chicken, Thai basil and fresh chilies."
"257","Teriyaki Chicken with Rice","Grilled chicken glazed in sweet teriyaki sauce, paired with warm white rice."
"77","Thai Green Curry Smoked Duck","A fusion of aromatic Thai flavors and tender smoked duck\n\n\n "
"86","Ayam Masak Merah (Red Cooked Chicken)","Just like how Mak cooks it—tender chicken simmered in a rich, spicy-sweet tomato gravy."
"305","Gai Yang","Thai-style grilled marinated chicken, tender and smoky, served with E-sarn sauce."
"270","Chicken Oyakudon","Japanese comfort bowl with chicken, onions, and fluffy egg cooked in sweet-savoury sauce, served over rice."
"254","Ayam Masak Merah with Rice","Malay-style red tomato chicken stew, mildly spicy and served with white rice."
"74","Spicy Bulgogi Chicken","Sliced chicken marinated in spicy-sweet bulgogi sauce, stir-fried to perfection for a punchy, flavour-packed Korean favourite."
"132","F1：Seafood Arrabiata Pasta","Contains crustacean, fish, egg, milk, soy, wheat\n\nPeeled Tomatoes in Tomato Juice, Linguine (Durum Wheat Semolina Pasta), Mussels, Fish, Squid, Yellow Onion, Garlic, Shrimp, Cherry Tomato, Grated Parmesan Cheese (Milk, Salt, Enzymes, Starter Culture), Sugar, Red Chilli Padi, Salt, Dried Parsley, Bay Leaves, Sweet Basil Leaves, Chicken Seasoning Powder (Salt, Maltodextrin, E621, E635, Cornstarch, Sugar, Chicken Meat and Fat, Permitted Flavouring (Contains Egg, Soy), Soy Sauce (Soy Bean, Wheat, Salt, Maltodextrin, Modified Starch, E621, E917), Palm Fat, Spices)"
"129","Indonesian Beef Curry","***RICE NOT INCLUDED, RICE TO BE PURCHASE SEPERATELY\n\nContains sulphites, egg, soy, wheat, fish, peanuts\n\nBeef, Coconut Cream (Fresh Coconut Cream, Xanthan Gum, Guar Gum), Coconut Milk (Coconut Extract, Stabiliser), Jasmine Rice, Rendang Paste (Vegetable Oil, Onion, Garlic, Lemongrass, Blue Ginger, Yellow Ginger, Chilli, Chicken Powder, Sugar, Meat Curry Powder, Curry Leaf, Rojak Flower), Yellow Onion, Ikan Bilis Peanut (Ikan Bilis, Peanut, Sugar, Chilli Oil), Dessicated Coconut (Coconut Meat, Sulphur Dioxide), Chicken Seasoning Powder (Salt, Maltodextrin, E621, E635, Cornstarch, Sugar, Chicken Meat and Fat, Permitted Flavouring (Contains Egg, Soy), Soy Sauce (Soy Bean, Wheat, Salt, Maltodextrin, Modified Starch, E621, E917), Palm Fat, Spices), Red Chilli, Yellow Ginger, Salt, Corriander Powder, Garlic, Sugar, Cumin Seed, Turmeric Powder, Curry Leaves, Red Chilli Padi, White Pepper Powder (Pure Sarawak Peppercorns, Rice), Salt"
"159","F1 Test food ～Singapore","Testing "
"242","Olive Fried Rice with Mushroom (Vegetarian)","Aromatic olive fried rice paired with vegetables and tender mushrooms for a hearty vegetarian delight."
"315","Takagi Ramen"," "
"220","Vongole Linguine","Classic linguine tossed with fresh clams, garlic, chili, and olive oil for a simple yet flavorful dish."
"403","Mama’s Curry Chicken Plate","Comforting curry chicken slow-cooked in rich, fragrant spices, paired with rice and savoury baked beans with scrambled eggs."
"99","Black Pepper Seafood Pasta","Spicy black pepper sauce with a variety of seafood on Al Dente spaghetti.\n"
"76","Traditional ""Ah Ma"" Braised Chicken","Just like how Ah Ma makes it—tender chicken braised in savoury soy gravy, full of comfort and flavour.\n\n\n\n"
"258","Spicy Bulgogi Chicken with Rice","Sliced chicken marinated in spicy-sweet bulgogi sauce, stir-fried to perfection, paired with fluffy rice."
"75","Singapore Laksa"," Creamy coconut curry Laksa with fresh ingredients and dried shrimp.Local Authentic Laksa"
"342","Stir-Fried Hainanese Glass Noodles","Wok-fried glass noodles with minced pork, juicy prawns, and fluffy scrambled eggs."
"347","Swiss Rösti","Crisp, golden potato rösti served with a juicy German sausage, for a hearty taste of the Alps."
"98","Beef Bolognese Pasta","Flavorful ground beef with al dente spaghetti in a rich tomato sauce"
"402","Kampung Tomato Sardine Plate","Savory sardines simmered in tangy tomato sauce, served with warm rice and classic baked beans with scrambled eggs."
"104","Chicken & Salted Fish Claypot Rice","Crispy-bottomed, topped with sausage, chicken, and more, in a rich dark sauce.\n"
"304","Phad Kee Mao"," Spicy stir-fried instant noodles with chicken, Thai basil and mixed vegetables."
"249","Tandoori Chicken With Briyani Rice","Juicy, spiced Tandoori Chicken served with fragrant biryani rice—a perfect blend of bold flavors."
"251","Thai Green Curry Smoke Duck with Rice","Smoked duck slices in creamy Thai green curry, served with fluffy white rice."
"105","Mixed Green Salad with Seaweed Dressing","Fresh mixed greens paired with a savory seaweed dressing for a unique, delicious twist."
"383","Buttery Beef & Pepper Bowl","Tender beef served on warm rice with butter and a rich black pepper sauce."
"294","Vegetarian Briyani","Fragrant basmati rice cooked with spices and mixed vegetables, served with mock butter chicken."
"336","Gochujang Mac & Cheese","Creamy macaroni in nacho cheese sauce with a hint of gochujang, bringing a sweet-spicy kick to the classic mac & cheese."
"241","Mixed Seafood Tteobokki","Chewy Korean rice cakes simmered in a bold, spicy-sweet sauce, loaded with juicy prawns, tender squid, and a flavourful kick in every bite."
"310","Macaroni Soto with Chicken"," Soft macaroni and tender chicken in a rich, fragrant soto broth for a hearty meal."
"219","Thai Basil Chicken with Rice","Spicy and fragrant Thai Basil Chicken stir-fried to perfection, served over fluffy white rice."
"537","Penang-Style Black Carrot Cake","Radish cake stir-fried in a dark, savoury-sweet sauce with a smoky wok hei aroma for a rich, bold and addictive bite."
"309","Fried Soto Udon"," Springy udon noodles soaked in a savory, spiced soto broth for a comforting and satisfying meal."
"147","Korean Cheesy Chicken with Rice Cake","Delicious and Nutritious Rice Cake with Chicken and Mozzarella Cheese!"
"240","Mixed Seafood Marinara Linguine","A hearty medley of prawns, squid, and mussels tossed in rich tomato-based pasta."
"297","Fish Curry","Fish Curry"
"85","Asam Pedas Mixed Seafood","Asam Pedas Mixed Seafood, a tantalizing fusion of oceanic flavors and aromatic spices."
"84","Salted Fish Fried Rice","Unforgettable flavor explosion with our savory salted fish and fragrant rice in our Salted Fish Fried Rice."
"95","Black Truffle Pasta","Creamy truffle essence with earthy mushrooms on tender pasta.\n"
"328","No. 1 Taiwanese Braised Chicken Rice","Fragrant rice topped with savory minced chicken, braised tau kua (bean curd), and pickled cucumber for a refreshing crunch. "
"340","Hainanese Braised Pork Belly Curry Rice","Tender pork belly in rich curry with mixed veggies, served over fragrant rice."
"296","Chicken Curry","Chicken Curry"
"193","Indonesian Beef Curry with Rice","Tender beef cooked in aromatic Indonesian curry, served with steamed rice for a comforting meal."
"210","Hiyashi Chuka With Cold Soba Noodles","Cold soba noodles topped with veggies and a zesty Japanese dressing—refreshing, tasty, and great for beating the heat!"
"352","Rosti with sausage"," "
"348","Tangy Drumlets (5pcs)","Juicy chicken drumlets with a mild spicy kick. Flavourful, tender, and perfect for any craving."
"101","Turkey Bacon Carbonara","Rich sauce with a hint of smoky bacon, a perfect match for our classic spaghetti (Cheese condiments will no longer be provided)"
"404","Thai Chilli Chicken Rice Set","Spicy Thai chilli chicken served with rice, accompanied by cabbage and stir-fried baked beans with egg for a flavourful, balanced meal."
"273","Chicken Yaki Soba","Wok-fried noodles with juicy chicken and veggies, tossed in classic yakisoba sauce—flavour in every bite!"
"293","Portobello Mozzarella Prata with Chicken Curry","Crispy prata stuffed with melty mozzarella cheese and portobello mushrooms, served with rich curry chicken."
"130","Thai Red Curry Chicken","***RICE NOT INCLUDED, RICE TO BE PURCHASE SEPERATELY\nContains crustacean, milk, egg, soy, wheat\n\nChicken, Jasmine Rice, Coconut Cream (Fresh Coconut Cream, Xanthan Gum, Guar Gum), Coconut Milk (Coconut Extract, Stabiliser), Yellow Onion, Garlic, Blue Ginger, Red Curry Paste (Garlic, Dried Red Chilli, Lemongrass, Shallot, Salt, Galangal, Shrimp Paste (Shrimp, Salt), Kaffir Lime Peel, Pepper), Shallot, Vegetarian Seasoning Powder (Salt, E621, E635, Lactose (Milk Derivative), Cornflour, Maltodextrin, Sugar, Hydrolysed Vegetable Protein, Soy Sauce (Soy Bean, Wheat, Salt, Maltodextrin, Modified Starch, E621, E917), Palm Fat, Spices), Sugar, Lemongrass, Dried Red Chilli, Lime Leaves, Red Chilli, Potato Starch, White Pepper Powder (Pure Sarawak Peppercorns, Rice), Thai Basil Leaves, Chicken Seasoning Powder (Salt, Maltodextrin, E621, E635, Cornstarch, Sugar, Chicken Meat and Fat, Permitted Flavouring (Contains Egg, Soy), Soy Sauce (Soy Bean, Wheat, Salt, Maltodextrin, Modified Starch, E621, E917), Palm Fat, Spices), Salt"
"246","Iman Bayildi with Nasi Biryani (Vegetarian)","Soft, tender eggplant stuffed with a savory blend of tomatoes, zucchini, onions, and garlic, paired with aromatic biryani rice for a hearty vegetarian delight."
"259","Butter Chicken with Rice","Tender butter chicken in a creamy, spiced curry sauce. Full of flavour and perfect with a plate of warm, fluffy rice."
"189","Mee Goreng","Explore Malaysia's vibrant flavors with our tantalizing Mee Goreng"
"284","Beef goulash with pilaf rice","Tender beef, soft potatoes in a tomato-rich stew, served with fluffy pilaf rice—a perfect match."
"306","Mee Soto Chicken"," Fragrant broth with tender chicken, yellow noodles & fresh scallions—comfort in every slurp!"
"337","Butashoga Ramen","Hakata-style firm noodles in rich Tonkotsu broth with deep umami flavor in every slurp."
"88","Curry Chicken","Classic curry tender chicken, simmered in a rich, fragrant gravy.\n\n"
"233","Fried Carrot Cake (White)","White radish cake wok-fried with egg till crispy and fragrant. A local classic, finished with spring onions."
"280","Mixed Seafood Cheesy Baked Rice","A hearty mix of prawns, squid, and fish on fluffy rice, baked with rich, creamy cheese until golden and bubbly"
"253","Asam Pedas mixed Seafood with Rice","Zesty asam pedas stew loaded with fish, prawns, mussels, and squid—packed with flavour and served with rice."
"330","Wok-Tossed Taiwan Mee Sua","Homemade Taiwan Mee Sua stir-fried with cabbage, egg, prawns, squid, and carrot, seasoned with fragrant powder and our signature stir-fry sauce."
"106","Mixed Green Salad with Sesame Dressing","Fresh mixed greens paired with a savory seaweed dressing for a unique, delicious twist."
"295","Mee Goreng","Perfectly cooked yellow noodles with egg, beancurd, cabbage, onions, garlic, and beansprouts for a bold and satisfying bite."
"72","Chicken Sausage & Turkey Bacon Tteokbokki","Indulge in the rich Korean flavors of our Chicken Sausage & Turkey Bacon Tteokbokki Stir-Fried Rice – a crispy, savory delight for your taste buds."
"334","Seoul Chicken Bulgogi Bap","Savory minced chicken, sweet corn, and tangy kimchi on a bed of rice, drizzled with teriyaki sauce and creamy mayo for a hearty meal."
"303","TomYum Fried Rice"," Spicy and tangy fried rice with prawns and aromatic Tom Yum herbs."
"271","Chicken Paella","Fragrant rice cooked with juicy chicken and peppers—Spanish-style comfort in every bite."
"333","K-Fire Sausage Bibimbap","Fluffy rice topped with juicy sausage, bold bibimbap sauce, veggies, nori seaweed, and sesame seeds for a perfect umami crunch."
"221","Cold Soba Noodle","Refreshing Japanese soba noodles served cold, perfect with light dipping sauce and garnishes."
"323","Japanese Teriyaki Chicken Don","Japanese-style grilled chicken, glazed in savory-sweet teriyaki sauce, served over a steaming bowl of fluffy rice."
"90","Indonesian Beef Curry","Soft, flavour-packed beef in a creamy, spicy Indonesian curry.\n\n"
"107","Mixed Green Salad w Honey Mustard Vinaigrette Dressing","Fresh mixed greens paired with a savory seaweed dressing for a unique, delicious twist."
"256","Curry Chicken with Rice","Succulent chicken simmered in flavorful curry sauce, served with steaming white rice."
"188","Mac and Cheese with Bacon and Corn","Creamy, savory, and sweet - a crowd favorite. Baking paper underneath the food that may show burnt marks due to the baking process. This is normal and safe."
"252","Thai Red Chicken Curry with Rice","Savor the bold, authentic flavors of our Thai Red Curry Chicken—a tantalizing journey to Thailand in every bite."
"338","Karaka Ramen","Hakata-style noodles in rich Tonkotsu broth with house chili paste for a bold, fiery kick."
"175","Spicy Clam With Fermented Bean Sauce with Rice","Spicy Clam With Fermented Bean Sauce with Rice"
"301","Phad See Ew"," Wok-fried flat rice noodles with prawns, egg and kailan in a rich soy-based sauce."
